{"cameraMode":{"drawMode":0,"name":"Shaded","section":"Shading Mode"},"sceneLighting":false,"audioPlay":false,"sceneViewState":{"showFog":true,"showMaterialUpdate":false,"showSkybox":false,"showFlares":true,"showImageEffects":true,"showParticleSystems":true},"in2DMode":false,"pivot":{"x":14.770999908447266,"y":1.9356677532196046,"z":-1.5321701765060425},"rotation":{"x":0.0948183536529541,"y":0.7180582880973816,"z":-0.10009544342756272,"w":0.6822797060012817},"size":4.5083537101745609,"orthographic":false}