{"cameraMode":{"drawMode":0,"name":"Shaded","section":"Shading Mode"},"sceneLighting":true,"audioPlay":false,"sceneViewState":{"showFog":true,"showMaterialUpdate":false,"showSkybox":true,"showFlares":true,"showImageEffects":true,"showParticleSystems":true},"in2DMode":false,"pivot":{"x":34.33464050292969,"y":5.091947078704834,"z":4.729752540588379},"rotation":{"x":0.01858680322766304,"y":0.6302275657653809,"z":-0.015675276517868043,"w":0.7761642336845398},"size":21.81222915649414,"orthographic":false}